sample_idx,true_label,predicted_label,prediction_proba,top_feature,top_shap
0,Control,Septic,0.9999999999999699,Feature_175,0.5002568658339702
1,Septic,Septic,1.0000000994736041e-07,Feature_73,-0.25230576989888864
2,Septic,Control,1.0000000994736041e-07,Feature_149,-0.4149231733919332
