{
  "train_loss": [
    0.7071153521537781,
    0.7000046372413635,
    0.6935350894927979,
    0.6899376511573792,
    0.6831584572792053,
    0.6756637692451477,
    0.6696177124977112,
    0.667057454586029,
    0.6529690623283386,
    0.6527722477912903,
    0.6422913074493408,
    0.6385084986686707,
    0.6279273629188538,
    0.62323397397995,
    0.6131229996681213,
    0.6032406687736511,
    0.5976571440696716,
    0.5919334888458252,
    0.5843080878257751,
    0.5746707320213318,
    0.566572904586792,
    0.5533425807952881,
    0.5538321137428284
  ],
  "val_acc": [
    0.0,
    0.0,
    1.0,
    1.0,
    1.0,
    1.0,
    1.0,
    1.0,
    1.0,
    1.0,
    1.0,
    1.0,
    1.0,
    1.0,
    1.0,
    1.0,
    1.0,
    1.0,
    1.0,
    1.0,
    1.0,
    1.0,
    1.0
  ],
  "test_acc": 1.0,
  "test_loss": 0.5393555760383606
}