feature,importance
Feature_15,0.013594809099190846
Feature_31,0.01333058964930442
Feature_72,0.01123405201913955
Feature_58,0.009833533906341656
Feature_11,0.009808012347670297
Feature_117,0.0093621127229223
Feature_12,0.009002164718891993
Feature_3,0.00862016854510812
Feature_8,0.008105055908352005
Feature_171,0.00786575124693666
Feature_158,0.007846096867356522
Feature_68,0.0076040101699720725
Feature_111,0.007322967750152677
Feature_140,0.007063686508853289
Feature_147,0.006959273297509241
Feature_51,0.006774016893220324
Feature_116,0.006672086219186397
Feature_131,0.006581605750789548
Feature_95,0.006373460182515953
Feature_81,0.006305258499585149
Feature_21,0.006250223275307274
Feature_46,0.00592223835628532
Feature_55,0.005620211845603341
Feature_27,0.00519482024708282
Feature_169,0.005168607860619884
Feature_143,0.005168441581413667
Feature_138,0.005146067754509365
Feature_17,0.005111306003418073
Feature_166,0.0048040162274076564
Feature_173,0.0047973714073599434
Feature_50,0.004636421298004015
Feature_70,0.004447479770127163
Feature_4,0.004413609376660674
Feature_153,0.004373668487098984
Feature_25,0.004364977209900645
Feature_179,0.004319788368391683
Feature_78,0.004270195124297725
Feature_47,0.0042413550270494725
Feature_194,0.0042258924820134484
Feature_110,0.004218268709515554
Feature_42,0.004197810887681414
Feature_198,0.004109280194491142
Feature_145,0.004099287935998817
Feature_115,0.003986342820588306
Feature_163,0.00379841188718885
Feature_157,0.003777647615430057
Feature_199,0.0035746969334543165
Feature_79,0.0035737270451758224
Feature_175,0.003562112012584548
Feature_66,0.0035493124833397027
