{
  "train_loss": [
    0.6694785952568054,
    0.6660294532775879,
    0.6639825701713562,
    0.6617136001586914,
    0.658393144607544,
    0.6548271775245667,
    0.6536010503768921,
    0.649023711681366,
    0.6469509601593018,
    0.6443851590156555,
    0.6412218809127808,
    0.6381345987319946,
    0.6366240382194519,
    0.6317403316497803,
    0.6270577907562256,
    0.6274411678314209,
    0.6225976347923279,
    0.6206080317497253,
    0.6167815923690796,
    0.6137716174125671,
    0.6109189987182617
  ],
  "val_acc": [
    0.5625,
    0.5625,
    0.5625,
    0.5625,
    0.5625,
    0.5625,
    0.5625,
    0.5625,
    0.5625,
    0.5625,
    0.5625,
    0.5625,
    0.5625,
    0.5625,
    0.5625,
    0.5625,
    0.5625,
    0.5625,
    0.5625,
    0.5625,
    0.5625
  ],
  "test_acc": 0.7878788113594055,
  "test_loss": 0.6140226125717163
}