"ID","Description","setSize","enrichmentScore","NES","pvalue","p.adjust","qvalue","rank","leading_edge","core_enrichment"
"hsa01100","Metabolic pathways",112,-0.433895914219623,-1.85980382833678,2.09648440450665e-05,0.00297700785439945,0.00271439559741388,319,"tags=43%, list=25%, signal=35%","8802/549/29926/7167/4351/8801/126792/1337/23530/6319/9107/7083/51170/22908/37/18/26/79586/276/1347/4967/55862/94005/29956/84706/54480/7360/51079/2053/521/51109/64781/10555/1120/3705/55748/253782/847/4713/3418/9791/1606/4731/55312/27089/10554/84532/60496"
"hsa03013","Nucleocytoplasmic transport",18,0.695239724011803,2.05256609556981,0.000147340548509123,0.00697411929609849,0.00635890788302531,121,"tags=44%, list=9%, signal=41%","8021/7341/57187/53371/23511/10921/10762/22916"
"hsa03015","mRNA surveillance pathway",14,0.741766195858626,2.05126513457881,0.000121587989865934,0.00697411929609849,0.00635890788302531,246,"tags=64%, list=19%, signal=53%","11051/10921/8106/26986/5500/5521/22916/10482/5523"
