"ID","Description","setSize","enrichmentScore","NES","pvalue","p.adjust","qvalue","rank","leading_edge","core_enrichment"
"hsa04620","Toll-like receptor signaling pathway",13,-0.751774488571656,-2.07193030219212,0.00030841312577746,0.0246854712805208,0.0226908705617834,172,"tags=62%, list=13%, signal=54%","6773/23118/5295/8737/9641/7096/1326/3551"
"hsa04020","Calcium signaling pathway",10,0.804198658726715,1.99855380725028,0.000347682694091842,0.0246854712805208,0.0226908705617834,156,"tags=70%, list=12%, signal=62%","488/135/5153/808/5579/5154/490"
"hsa01100","Metabolic pathways",112,-0.38370928502411,-1.7189083956902,0.000546380129201045,0.0258619927821828,0.0237723284283964,277,"tags=39%, list=22%, signal=34%","6319/50484/51109/7388/54480/4729/60481/10135/1633/55256/4967/549/513/22908/2597/10327/3635/9296/253782/8802/56913/126792/1337/126328/9791/2990/9588/27232/1738/55312/1347/23530/84532/4124/26/7384/1120/79586/5743/2180/2053/10555/138199/3930"
