"ID","Description","setSize","enrichmentScore","NES","pvalue","p.adjust","qvalue","rank","leading_edge","core_enrichment"
"hsa04714","Thermogenesis",28,-0.601905274399481,-2.0219191121616,0.00019738783400487,0.0280290724286915,0.0247254234174521,358,"tags=64%, list=28%, signal=47%","1329/7388/1337/51079/6197/3845/1347/6601/29796/64764/126328/4731/6392/6199/60/4729/7384/27089"
"hsa04115","p53 signaling pathway",12,0.735038689304725,2.01758690627968,0.000653573795593825,0.0464037394871615,0.0409343587766659,144,"tags=58%, list=11%, signal=52%","6477/637/900/8493/841/581/55367"
"hsa04120","Ubiquitin mediated proteolysis",12,0.711209846854318,1.95217979068251,0.00129548410540009,0.0474086775948727,0.0418208497686423,353,"tags=83%, list=27%, signal=61%","6477/8451/7317/6502/5371/246184/11065/7321/7323/55284"
"hsa05016","Huntington disease",34,-0.530701267064442,-1.88952210142469,0.00166931963362228,0.0474086775948727,0.0418208497686423,203,"tags=59%, list=16%, signal=51%","1329/7388/60673/1337/10671/51079/1347/5438/29796/64764/1639/126328/4731/6392/1213/5432/161/4729/7384/27089"
"hsa04723","Retrograde endocannabinoid signaling",11,-0.734375313308243,-1.8884805572619,0.00159801085005487,0.0474086775948727,0.0418208497686423,293,"tags=82%, list=23%, signal=64%","5579/51079/5743/5594/2793/126328/4731/2790/4729"
