"ID","Description","setSize","enrichmentScore","NES","pvalue","p.adjust","qvalue","rank","leading_edge","core_enrichment"
"hsa01200","Carbon metabolism",16,-0.750443786607957,-2.19074287155069,3.22741957267289e-05,0.0045829357931955,0.00448441456413496,179,"tags=50%, list=14%, signal=44%","8801/4967/3418/7167/8802/51/1738/84706"
"hsa03010","Ribosome",24,0.622521157094137,2.09199863304587,0.000233582495527279,0.0165843571824368,0.0162278365313689,227,"tags=50%, list=18%, signal=42%","51069/6227/64960/64969/6176/2197/6189/4736/6201/64432/9801/219927"
