"ID","Description","setSize","enrichmentScore","NES","pvalue","p.adjust","qvalue","rank","leading_edge","core_enrichment"
"hsa03010","Ribosome",24,0.697477494049264,2.37320042106677,2.8482361648757e-06,0.000399516262547924,0.000305042068513241,354,"tags=88%, list=28%, signal=65%","64969/6182/6227/51069/6209/6203/2197/64951/64960/51264/6183/9801/4736/6201/219927/6176/116541/65003/128308/6189/64928"
"hsa03040","Spliceosome",30,0.642224098485463,2.33928239524005,5.62698961335105e-06,0.000399516262547924,0.000305042068513241,325,"tags=70%, list=25%, signal=54%","3183/7919/57461/22916/22938/79753/56259/8559/8896/83443/25949/10285/6625/10286/7536/988/26121/9343/57187/6631/7307"
"hsa04120","Ubiquitin mediated proteolysis",12,-0.770230867726404,-2.07734410277935,8.56251709225857e-05,0.00405292475700239,0.00309452372106187,266,"tags=92%, list=21%, signal=73%","7321/6477/8451/7326/246184/7323/11065/55284/6502/5371/7317"
"hsa04140","Autophagy - animal",22,-0.617092862347826,-1.96692554152087,0.000394098389456232,0.0139904928256963,0.0106821405563137,220,"tags=50%, list=17%, signal=42%","57617/3146/27072/79065/10010/64422/60673/83452/11345/9474/23192"
"hsa04725","Cholinergic synapse",10,0.75005311867348,1.95627502900181,0.00179942386504051,0.0354672707559533,0.0270802734459836,131,"tags=50%, list=10%, signal=45%","2793/54331/2790/5295/1385"
"hsa04014","Ras signaling pathway",22,0.587524519975807,1.94728505849435,0.00199815609892694,0.0354672707559533,0.0270802734459836,399,"tags=73%, list=31%, signal=51%","2793/54331/10125/2790/5908/4763/5295/83593/5058/3845/6464/998/3551/2885/10235/5579"
"hsa04062","Chemokine signaling pathway",21,0.592988225958064,1.93518512582902,0.00178698803835144,0.0354672707559533,0.0270802734459836,399,"tags=71%, list=31%, signal=50%","2793/54331/2790/5908/5295/6374/5058/3845/6464/6772/998/3551/2885/10235/5579"
"hsa03082","ATP-dependent chromatin remodeling",16,-0.659060361109077,-1.91693071097313,0.00163714407582664,0.0354672707559533,0.0270802734459836,95,"tags=44%, list=7%, signal=41%","55766/54556/10933/1108/8467/9219/8932"
"hsa04015","Rap1 signaling pathway",20,0.571778929913479,1.86195880339398,0.0026601899637338,0.0419718860944667,0.0320467328964423,399,"tags=65%, list=31%, signal=46%","25865/5908/5295/51735/3688/83593/6494/3845/998/135/2533/10235/5579"
