"ID","Description","setSize","enrichmentScore","NES","pvalue","p.adjust","qvalue","rank","leading_edge","core_enrichment"
"hsa01100","Metabolic pathways",112,0.4296393892891,1.90737934110366,1.43833988618226e-05,0.0020424426383788,0.00196825458109151,200,"tags=34%, list=16%, signal=31%","3635/4245/2053/1329/10555/5730/4729/5153/1738/29926/27232/18/4259/2597/3612/5743/29796/7841/79717/1120/10327/7360/847/51111/2618/276/8801/9061/4731/9107/4124/10728/27089/50484/7167/204/10135/8802"
