"ID","Description","setSize","enrichmentScore","NES","pvalue","p.adjust","qvalue","rank","leading_edge","core_enrichment"
"hsa03010","Ribosome",24,0.710421102265143,2.20611252475033,5.04910313162248e-06,0.000716972644690392,0.000627151757401529,124,"tags=46%, list=10%, signal=42%","6182/116541/51264/64960/64951/64432/219927/9801/10573/6183/64928"
"hsa04114","Oocyte meiosis",14,-0.751285567463326,-2.07580336753397,0.000108682053919196,0.0077164258282629,0.00674972755919216,224,"tags=71%, list=17%, signal=60%","8243/9985/9232/5516/5594/5530/9088/6197/246184/808"
