{
  "Dim_31": {
    "Control": {
      "mean": 4204583680.0,
      "std": 1111365120.0,
      "median": 3710680064.0,
      "n": 36
    },
    "Septic": {
      "mean": 3860599040.0,
      "std": 971843136.0,
      "median": 3599438848.0,
      "n": 127
    },
    "test": {
      "statistic": 2773.0,
      "p_value": 0.051624820229309594,
      "significant": false
    }
  },
  "Dim_33": {
    "Control": {
      "mean": -743327616.0,
      "std": 380769920.0,
      "median": -752848640.0,
      "n": 36
    },
    "Septic": {
      "mean": -646445760.0,
      "std": 529758080.0,
      "median": -683298048.0,
      "n": 127
    },
    "test": {
      "statistic": 1795.0,
      "p_value": 0.04973324749160795,
      "significant": true
    }
  },
  "Dim_12": {
    "Control": {
      "mean": -1594127488.0,
      "std": 796790528.0,
      "median": -1640907392.0,
      "n": 36
    },
    "Septic": {
      "mean": -1484969216.0,
      "std": 1044315264.0,
      "median": -1592608896.0,
      "n": 127
    },
    "test": {
      "statistic": 2136.0,
      "p_value": 0.5497888506046462,
      "significant": false
    }
  },
  "Dim_32": {
    "Control": {
      "mean": -1357507968.0,
      "std": 683299072.0,
      "median": -1093841664.0,
      "n": 36
    },
    "Septic": {
      "mean": -1139163776.0,
      "std": 545446080.0,
      "median": -1020379776.0,
      "n": 127
    },
    "test": {
      "statistic": 1912.0,
      "p_value": 0.13512563406770753,
      "significant": false
    }
  },
  "Dim_67": {
    "Control": {
      "mean": -5073956864.0,
      "std": 1062672832.0,
      "median": -4610385920.0,
      "n": 36
    },
    "Septic": {
      "mean": -4765198336.0,
      "std": 1077936384.0,
      "median": -4407350272.0,
      "n": 127
    },
    "test": {
      "statistic": 1776.0,
      "p_value": 0.0415238465268086,
      "significant": true
    }
  },
  "Dim_38": {
    "Control": {
      "mean": -1040024576.0,
      "std": 544641984.0,
      "median": -879929536.0,
      "n": 36
    },
    "Septic": {
      "mean": -903610176.0,
      "std": 662538304.0,
      "median": -744120320.0,
      "n": 127
    },
    "test": {
      "statistic": 1750.0,
      "p_value": 0.03217142138771986,
      "significant": true
    }
  },
  "Dim_26": {
    "Control": {
      "mean": 1861900672.0,
      "std": 504610752.0,
      "median": 1797207296.0,
      "n": 36
    },
    "Septic": {
      "mean": 1821952384.0,
      "std": 499145440.0,
      "median": 1705522560.0,
      "n": 127
    },
    "test": {
      "statistic": 2775.0,
      "p_value": 0.050671639891380835,
      "significant": false
    }
  },
  "Dim_56": {
    "Control": {
      "mean": 459254976.0,
      "std": 496894528.0,
      "median": 317702080.0,
      "n": 36
    },
    "Septic": {
      "mean": 371074720.0,
      "std": 481220832.0,
      "median": 292847584.0,
      "n": 127
    },
    "test": {
      "statistic": 2488.0,
      "p_value": 0.42018335365178616,
      "significant": false
    }
  },
  "Dim_63": {
    "Control": {
      "mean": 2298432000.0,
      "std": 589325632.0,
      "median": 2149581824.0,
      "n": 36
    },
    "Septic": {
      "mean": 2070690560.0,
      "std": 522305056.0,
      "median": 1848066304.0,
      "n": 127
    },
    "test": {
      "statistic": 2970.0,
      "p_value": 0.0062503562813555355,
      "significant": true
    }
  },
  "Dim_45": {
    "Control": {
      "mean": -186617648.0,
      "std": 245964912.0,
      "median": -169429728.0,
      "n": 36
    },
    "Septic": {
      "mean": -298958464.0,
      "std": 371252672.0,
      "median": -250268384.0,
      "n": 127
    },
    "test": {
      "statistic": 3046.0,
      "p_value": 0.0023784675807300795,
      "significant": true
    }
  }
}