sample_idx,true_label,predicted_label,prediction_proba,top_feature,top_shap
0,Control,Septic,0.9999999999999699,Feature_175,0.5412422699307912
1,Septic,Septic,1.0000000994736041e-07,Feature_73,-0.25205929889233125
5,Septic,Septic,0.9999999999999699,Feature_176,-0.1735710847426093
10,Septic,Septic,0.9999999999999699,Feature_73,-0.19544410553095373
