sample_idx,true_label,predicted_label,prediction_proba,top_feature,top_shap
0,Control,Septic,0.741310024509915,Feature_31,0.06260502484821842
1,Septic,Septic,0.6087884972654626,Feature_33,0.04372093958355179
2,Septic,Septic,0.7403224021909988,Feature_31,0.05713398754110141
