sample_idx,true_label,predicted_label,prediction_proba,top_feature,top_shap
0,Control,Septic,0.9384777545928955,Feature_207,0.08760785112573273
1,Septic,Septic,0.8134240508079529,Feature_207,0.11967033877063789
2,Septic,Control,0.10553964972496033,Feature_207,-0.07534335695927759
