{
  "train_loss": [
    0.7010645866394043,
    0.7026550769805908,
    0.7009554505348206,
    0.6956154108047485,
    0.696771502494812,
    0.695715069770813,
    0.6924327611923218,
    0.6899533271789551,
    0.6898959279060364,
    0.6838098764419556,
    0.6837345361709595,
    0.6846501231193542,
    0.6794062256813049,
    0.6786755919456482,
    0.6729223728179932,
    0.6773437857627869,
    0.6644383072853088,
    0.6663987040519714,
    0.660648763179779,
    0.6566003561019897,
    0.6537744402885437,
    0.6446635127067566,
    0.6425161361694336,
    0.6338648796081543,
    0.6209865212440491,
    0.6084179282188416,
    0.6015670299530029,
    0.5874120593070984,
    0.5680669546127319,
    0.5686917304992676,
    0.5468453764915466
  ],
  "val_acc": [
    0.4375,
    0.4375,
    0.4375,
    0.4375,
    0.4375,
    0.4375,
    0.4375,
    0.1875,
    0.5,
    0.5,
    0.5625,
    0.5625,
    0.5625,
    0.5625,
    0.5625,
    0.5625,
    0.5625,
    0.5625,
    0.5625,
    0.5625,
    0.5625,
    0.5625,
    0.5625,
    0.5625,
    0.5625,
    0.5625,
    0.5625,
    0.5625,
    0.5625,
    0.5625,
    0.5625
  ],
  "test_acc": 0.8787878751754761,
  "test_loss": 0.7158046960830688
}