feature,importance
Feature_105,0.02835575506636139
Feature_127,0.013413041659858233
Feature_76,0.013079539420322648
Feature_131,0.0127010537321498
Feature_187,0.012126893294993897
Feature_12,0.009637019237312855
Feature_125,0.008936001599888119
Feature_157,0.007658125975505074
Feature_60,0.0072452225012436325
Feature_142,0.0064011704039652504
Feature_73,0.006011889861084408
Feature_24,0.005903687171027357
Feature_35,0.005255123693651251
Feature_111,0.005114026194251313
Feature_195,0.0050075142283598755
Feature_53,0.0048535368058138335
Feature_59,0.004491995596030001
Feature_170,0.003965026835870403
Feature_176,0.003663362591366026
Feature_75,0.0035359452796014795
Feature_102,0.0031918852054563353
Feature_149,0.0031873798158897695
Feature_130,0.0031384652874321857
Feature_196,0.0028658133258407793
Feature_92,0.0027080818341722744
Feature_113,0.002674400423569756
Feature_162,0.002614871303986098
Feature_46,0.002573345882189765
Feature_160,0.002508919168636472
Feature_108,0.0024877626928538578
Feature_110,0.002456692379336542
Feature_40,0.0023623728239136467
Feature_14,0.001965255361276514
Feature_186,0.0018146457371558504
Feature_52,0.001601953289494012
Feature_198,0.0014908964219889776
Feature_143,0.0014736907211900484
Feature_175,0.0013864369323067943
Feature_80,0.0013594767062446204
Feature_34,0.0013471076119200365
Feature_68,0.0013244443390624085
Feature_55,0.0013237684479142288
Feature_30,0.0013218149749041105
Feature_161,0.0012019874765986757
Feature_18,0.001198212306996111
Feature_13,0.0011659673064026517
Feature_124,0.0010585315759690523
Feature_165,0.0010363932935414763
Feature_199,0.0009155562955775214
Feature_145,0.0009031344866243712
