sample_idx,true_label,predicted_label,prediction_proba,top_feature,top_shap
0,Control,Septic,0.9999999999999699,Feature_26,25466236678886.58
1,Septic,Septic,0.9999999999999699,Feature_4,-11555845390536.736
2,Septic,Control,1.0000000994736041e-07,Feature_4,-50735029345146.87
