sample_idx,true_label,predicted_label,prediction_proba,top_feature,top_shap
0,Control,Septic,0.7654499039475336,Feature_16,0.0015878366933269447
1,Septic,Septic,0.7654499039475336,Feature_16,0.0006361904697056316
2,Septic,Septic,0.7654499039475336,Feature_22,0.001601086950178817
