{
  "train_loss": [
    0.7489163875579834,
    0.7437729835510254,
    0.7372005581855774,
    0.73401939868927,
    0.7243325114250183,
    0.7210704684257507,
    0.7174243927001953,
    0.7112072706222534,
    0.7074493169784546,
    0.7036482095718384,
    0.6951162815093994,
    0.6899416446685791,
    0.6865147948265076,
    0.6841951012611389,
    0.6765531897544861,
    0.6751000881195068,
    0.66801917552948,
    0.6661813259124756,
    0.6543003916740417,
    0.6470012664794922,
    0.6491291522979736,
    0.640286386013031,
    0.6358226537704468,
    0.6280500888824463,
    0.6272066831588745,
    0.6219744086265564,
    0.6130222678184509,
    0.6037494540214539,
    0.6104264855384827,
    0.591609537601471,
    0.5873391628265381
  ],
  "val_acc": [
    0.0,
    0.0,
    0.0,
    0.0,
    0.0,
    0.0,
    0.0,
    0.0,
    0.0,
    0.0,
    1.0,
    1.0,
    1.0,
    1.0,
    1.0,
    1.0,
    1.0,
    1.0,
    1.0,
    1.0,
    1.0,
    1.0,
    1.0,
    1.0,
    1.0,
    1.0,
    1.0,
    1.0,
    1.0,
    1.0,
    1.0
  ],
  "test_acc": 1.0,
  "test_loss": 0.5804285407066345
}