"ID","Description","setSize","enrichmentScore","NES","pvalue","p.adjust","qvalue","rank","leading_edge","core_enrichment"
"hsa03082","ATP-dependent chromatin remodeling",16,-0.765222503404995,-2.27965292457977,1.84580095604247e-05,0.00262103735758031,0.00244811495222475,205,"tags=75%, list=16%, signal=64%","29844/7528/55766/9274/60/8467/10933/9219/283899/5928/54556/8932"
"hsa03040","Spliceosome",30,0.597438415296776,2.01076584456285,0.000220409090829153,0.0156490454488699,0.0146166028655123,232,"tags=50%, list=18%, signal=42%","10286/8896/79753/79228/26121/57461/6631/9416/83443/22938/23451/5093/10285/56259/7536"
"hsa05010","Alzheimer disease",43,0.517254977933813,1.91593538727946,0.000454421584871057,0.0215092883505633,0.0200902174364046,244,"tags=40%, list=19%, signal=33%","51107/5664/5530/1452/808/6392/29796/488/102/7384/5610/4731/1347/7388/11047/2597/51079"
