"ID","Description","setSize","enrichmentScore","NES","pvalue","p.adjust","qvalue","rank","leading_edge","core_enrichment"
"hsa04723","Retrograde endocannabinoid signaling",11,0.770564745714613,2.00101536998817,0.000411180697507471,0.0490193991242249,0.0472388575696756,68,"tags=36%, list=5%, signal=35%","2793/54331/51079/5743"
"hsa04932","Non-alcoholic fatty liver disease",24,0.59148381343346,1.93220099317079,0.000690414072172182,0.0490193991242249,0.0472388575696756,153,"tags=38%, list=12%, signal=34%","51422/1337/79602/7186/51079/637/29796/3953/1329"
