"ID","Description","setSize","enrichmentScore","NES","pvalue","p.adjust","qvalue","rank","leading_edge","core_enrichment"
"hsa05020","Prion disease",28,0.639120190072252,2.21048488285584,1.66434399748778e-05,0.00236336847643265,0.00222496513348367,299,"tags=54%, list=23%, signal=42%","51079/1337/27089/4713/4731/1385/4689/64764/6392/29796/5594/5706/1329/7384/7388"
"hsa00190","Oxidative phosphorylation",16,0.701150206393507,2.08168001111148,0.000350558644409497,0.0248896637530743,0.0234320778105296,299,"tags=69%, list=23%, signal=53%","51079/1337/27089/4713/4731/521/6392/29796/1329/7384/7388"
