"ID","Description","setSize","enrichmentScore","NES","pvalue","p.adjust","qvalue","rank","leading_edge","core_enrichment"
"hsa04666","Fc gamma R-mediated phagocytosis",16,0.720265491388875,2.14513176694667,9.92473572057243e-05,0.0140931247232129,0.0113873283530778,183,"tags=56%, list=14%, signal=49%","5788/3635/1785/2212/2214/2215/998/5579/5295"
"hsa04650","Natural killer cell mediated cytotoxicity",18,0.653285109579743,2.02657212759098,0.000495225017502939,0.0310037322570326,0.0250511995256972,206,"tags=50%, list=16%, signal=43%","3802/3804/3805/2214/2215/5579/5295/6464/2885"
"hsa01521","EGFR tyrosine kinase inhibitor resistance",13,0.714096393383043,1.99807381545365,0.000655008427965478,0.0310037322570326,0.0250511995256972,283,"tags=69%, list=22%, signal=55%","1977/5579/3084/5154/5295/6464/2885/2621/5594"
"hsa05202","Transcriptional misregulation in cancer",16,0.663588773497426,1.97633424790854,0.000881194987415346,0.0312824220532448,0.025276382533756,186,"tags=38%, list=14%, signal=32%","5371/2313/1025/5154/6688/929"
"hsa05017","Spinocerebellar ataxia",12,0.712816730063695,1.95308730485329,0.00145811734173946,0.0414105325054008,0.0334599558420214,183,"tags=50%, list=14%, signal=43%","488/5693/5579/60673/7186/5295"
"hsa05231","Choline metabolism in cancer",14,0.68196268361671,1.93583447937916,0.00185086347146103,0.0438037688245777,0.0353937049805705,413,"tags=93%, list=32%, signal=64%","3091/5579/5154/5295/2885/10434/6009/1120/5594/1606/6199/8613/5170"
