"ID","Description","setSize","enrichmentScore","NES","pvalue","p.adjust","qvalue","rank","leading_edge","core_enrichment"
"hsa04360","Axon guidance",14,-0.714157772997197,-2.07929072288151,0.00026655861222183,0.0189256614677499,0.0164143987526074,182,"tags=71%, list=14%, signal=62%","998/6093/10154/54434/5058/4690/5295/2534/5170/5062"
"hsa03010","Ribosome",24,0.622106718300857,1.93165876531748,0.00024287435418829,0.0189256614677499,0.0164143987526074,190,"tags=54%, list=15%, signal=47%","128308/219927/51264/6150/51069/65003/10573/64432/116541/9801/64960/64951/64928"
