{
  "train_loss": [
    0.6755245923995972,
    0.6707254648208618,
    0.6696335077285767,
    0.6601660847663879,
    0.6592450141906738,
    0.6549468636512756,
    0.6536984443664551,
    0.6460536122322083,
    0.6405903100967407,
    0.6369888186454773,
    0.6310707330703735,
    0.628720760345459,
    0.625906229019165,
    0.6196933388710022,
    0.6141318082809448,
    0.6078473925590515,
    0.6029310822486877,
    0.5999699831008911,
    0.5987136960029602,
    0.5888418555259705,
    0.5816998481750488
  ],
  "val_acc": [
    1.0,
    1.0,
    1.0,
    1.0,
    1.0,
    1.0,
    1.0,
    1.0,
    1.0,
    1.0,
    1.0,
    1.0,
    1.0,
    1.0,
    1.0,
    1.0,
    1.0,
    1.0,
    1.0,
    1.0,
    1.0
  ],
  "test_acc": 1.0,
  "test_loss": 0.5793285965919495
}