sample_idx,true_label,predicted_label,prediction_proba,top_feature,top_shap
0,Control,Septic,0.9665171504020691,Feature_73,0.07886884321525782
1,Septic,Septic,0.7572113275527954,Feature_31,0.14978211500996697
2,Septic,Septic,0.7643892765045166,Feature_66,-0.07644962944794892
