sample_idx,true_label,predicted_label,prediction_proba,top_feature,top_shap
0,Control,Septic,0.7945712871822604,Feature_73,0.030206918771002223
1,Septic,Septic,0.6536116248157114,Feature_183,0.03113100079687057
2,Septic,Septic,0.6936708003064933,Feature_105,0.049831629013592706
