sample_idx,true_label,predicted_label,prediction_proba,top_feature,top_shap
0,Control,Septic,0.9203746914863586,Feature_173,0.09192650164290973
1,Septic,Septic,0.52482008934021,Feature_173,-0.12834345645140774
2,Septic,Septic,0.6988525390625,Feature_173,0.10608667133371359
